n_id	s_mapName	n_weatherId	n_nighttime	fogData	fogColor
id	map name	天气索引：1—晴天，2--阴天；3-小雨天；4-雷暴雨	 1 白天 2晚上  关联主setting dayFollowsNightTimes	density#start#end#alpha#type 不填-默认值0#0#0#0#0	雾气颜色x#y#z
1001	map001	1	1	0.8#80#250#1	0.847058823529412#0.992156862745098#1.0
1002	map001	2	1	0.8#80#250#1	0.847058823529412#0.992156862745098#1.0
1003	map001	3	1	0.8#80#250#1	0.847058823529412#0.992156862745098#1.0
1004	map001	4	1	0.8#80#250#1	0.847058823529412#0.992156862745098#1.0
1005	map001	1	2	0.8#30#200#1	0.0313725490196078#0.0313725490196078#0.101960784313725
1006	map001	2	2	0.8#30#200#1	0.0313725490196078#0.0313725490196078#0.101960784313725
1007	map001	3	2	0.8#30#200#1	0.0313725490196078#0.0313725490196078#0.101960784313725
1008	map001	4	2	0.8#30#200#1	0.0313725490196078#0.0313725490196078#0.101960784313725
