id		modType	icon	name	cfgName
id		类型	图标	显示名称	配置名称
10001	室外	outdoor	set:g2052_mobile_editor_prop_icon.json image:firehydrant		scene_01
10002	室外	outdoor	set:g2052_mobile_editor_prop_icon.json image:floorlamp		scene_02
10003	室外	outdoor	set:g2052_mobile_editor_prop_icon.json image:streetlamp02		scene_03
10004	室外	outdoor	set:g2052_mobile_editor_prop_icon.json image:2052_police_lanqiujia		scene_04
10005	室外	outdoor	set:g2052_mobile_editor_prop_icon.json image:g2052_jinggai01a		zb_scene_01
10006	室外	outdoor	set:g2052_mobile_editor_prop_icon.json image:chimney_01		zb_scene_02
10007	室外	outdoor	set:g2052_mobile_editor_prop_icon.json image:g0520_chengsizhe_a		zb_scene_03
10008	室外	outdoor	set:g2052_mobile_editor_prop_icon.json image:Trashcan_01		zb_scene_04
10009	室外	outdoor	set:g2052_mobile_editor_prop_icon.json image:2052_shoumaiji		zb_scene_05
10010	室外	outdoor	set:g2052_mobile_editor_prop_icon.json image:g2052_xinxiang		zb_scene_06
10101	门	outdoor	set:g2052_mobile_editor_prop_icon.json image:bank_gdoor		zb_door_01
10102	门	outdoor	set:g2052_mobile_editor_prop_icon.json image:bk6men		zb_door_02
10103	门	outdoor	set:g2052_mobile_editor_prop_icon.json image:jiaotang_l		zb_door_03
10104	门	outdoor	set:g2052_mobile_editor_prop_icon.json image:g2052_wodian_door		zb_door_04
10105	门	outdoor	set:g2052_mobile_editor_prop_icon.json image:g2052_square_men05		zb_door_05
10106	门	outdoor	set:g2052_mobile_editor_prop_icon.json image:g2052_police_men		zb_door_06
10107	门	outdoor	set:g2052_mobile_editor_prop_icon.json image:g2052_police_laofang_men_1		zb_door_07
10108	门	outdoor	set:g2052_mobile_editor_prop_icon.json image:g2052_damen1		zb_door_08
10109	门	outdoor	set:g2052_mobile_editor_prop_icon.json image:g2052_houmen1		zb_door_09
12201	桌子	indoor	set:g2052_mobile_editor_prop_icon.json image:bangongzhuo		table_01
12202	桌子	indoor	set:g2052_mobile_editor_prop_icon.json image:g2052_daoju_18		table_02
12203	桌子	indoor	set:g2052_mobile_editor_prop_icon.json image:g2052_house001_zhuozi_02		table_03
12204	桌子	indoor	set:g2052_mobile_editor_prop_icon.json image:g2052_house001_zhuozi_03		table_04
12205	桌子	indoor	set:g2052_mobile_editor_prop_icon.json image:bangongzhuo01		zb_table_01
12206	桌子	indoor	set:g2052_mobile_editor_prop_icon.json image:g2052_police_bangongzhuozi		zb_table_02
12207	桌子	indoor	set:g2052_mobile_editor_prop_icon.json image:kanhu_xiaozhuo01		zb_table_03
12208	桌子	indoor	set:g2052_mobile_editor_prop_icon.json image:g2052_julebu_jiaju04		zb_table_04
12209	桌子	indoor	set:g2052_mobile_editor_prop_icon.json image:g2052_xiaofang_zhuozi_02		zb_table_05
12210	桌子	indoor	set:g2052_mobile_editor_prop_icon.json image:g2052_hospitalwj_013		zb_table_06
12211	桌子	indoor	set:g2052_mobile_editor_prop_icon.json image:g2052_xiaofang_zhuozi_01		zb_table_07
12301	椅子	indoor	set:g2052_mobile_editor_prop_icon.json image:bangongyizi02		chair_01
12302	椅子	indoor	set:g2052_mobile_editor_prop_icon.json image:bank_shafa		chair_02
12303	椅子	indoor	set:g2052_mobile_editor_prop_icon.json image:chair01		chair_03
12304	椅子	indoor	set:g2052_mobile_editor_prop_icon.json image:g2052_yizi		chair_04
12305	椅子	indoor	set:g2052_mobile_editor_prop_icon.json image:g2052_house001_yizi_02		chair_05
12306	椅子	indoor	set:g2052_mobile_editor_prop_icon.json image:dabanyi		chair_06
12307	椅子	indoor	set:g2052_mobile_editor_prop_icon.json image:2052_bayi		zb_yizi_01
12308	椅子	indoor	set:g2052_mobile_editor_prop_icon.json image:bangongyizi01		zb_yizi_02
12309	椅子	indoor	set:g2052_mobile_editor_prop_icon.json image:g2052_daoju_08		zb_yizi_03
12310	椅子	indoor	set:g2052_mobile_editor_prop_icon.json image:g2052_square_yizi		zb_yizi_04
12311	椅子	indoor	set:g2052_mobile_editor_prop_icon.json image:g2052_police_laofang_yizi_1		zb_yizi_05
12312	椅子	indoor	set:g2052_mobile_editor_prop_icon.json image:kanhu_yaoyi01		zb_yizi_06
12313	椅子	indoor	set:g2052_mobile_editor_prop_icon.json image:kanhu_yaoyi02		zb_yizi_07
12314	椅子	indoor	set:g2052_mobile_editor_prop_icon.json image:kanhu_yizi01		zb_yizi_08
12315	椅子	indoor	set:g2052_mobile_editor_prop_icon.json image:g2025_house_bar03_1		zb_yizi_09
12316	椅子	indoor	set:g2052_mobile_editor_prop_icon.json image:bayi		zb_yizi_10
12317	椅子	indoor	set:g2052_mobile_editor_prop_icon.json image:pcyizi		zb_yizi_11
12318	椅子	indoor	set:g2052_mobile_editor_prop_icon.json image:g2052_house001_yizi_01		zb_yizi_12
12319	椅子	indoor	set:g2052_mobile_editor_prop_icon.json image:kanhu_muma		zb_yizi_13
12320	椅子	indoor	set:g2052_mobile_editor_prop_icon.json image:kanhu_xiaozhuo02		zb_yizi_14
12321	椅子	indoor	set:g2052_mobile_editor_prop_icon.json image:chair_b		zb_yizi_15
12322	椅子	indoor	set:g2052_mobile_editor_prop_icon.json image:bank_qiantai		zb_yizi_16
12323	椅子	indoor	set:g2052_mobile_editor_prop_icon.json image:jiaotang_yizi		zb_yizi_17
12324	椅子	indoor	set:g2052_mobile_editor_prop_icon.json image:gongyizi		zb_yizi_18
12325	椅子	indoor	set:g2052_mobile_editor_prop_icon.json image:g2052_xiaofang_yizi		zb_yizi_19
12326	椅子	indoor	set:g2052_mobile_editor_prop_icon.json image:g2052_hospitalwj_014		zb_yizi_20
12401	沙发	indoor	set:g2052_mobile_editor_prop_icon.json image:g2052_julebu_jiaju03		zb_shafa_01
12402	沙发	indoor	set:g2052_mobile_editor_prop_icon.json image:lshafa01		zb_shafa_02
12403	沙发	indoor	set:g2052_mobile_editor_prop_icon.json image:lshafa02		zb_shafa_03
12404	沙发	indoor	set:g2052_mobile_editor_prop_icon.json image:lshafa03		zb_shafa_04
12405	沙发	indoor	set:g2052_mobile_editor_prop_icon.json image:g2052_house001_yizi_03		zb_shafa_05
12406	沙发	indoor	set:g2052_mobile_editor_prop_icon.json image:g2052_daoju_13		zb_shafa_06
12407	沙发	indoor	set:g2052_mobile_editor_prop_icon.json image:g2052_shafa		zb_shafa_07
12408	沙发	indoor	set:g2052_mobile_editor_prop_icon.json image:2052_sf_02		zb_shafa_08
12409	沙发	indoor	set:g2052_mobile_editor_prop_icon.json image:2052_sf_03		zb_shafa_09
12410	沙发	indoor	set:g2052_mobile_editor_prop_icon.json image:g2052_house001_yizi_04		zb_shafa_10
12411	沙发	indoor	set:g2052_mobile_editor_prop_icon.json image:g2052_fuzhuangdian_jiaju05		zb_shafa_11
12412	沙发	indoor	set:g2052_mobile_editor_prop_icon.json image:yinhangshafa		zb_shafa_12
12501	柜子	indoor	set:g2052_mobile_editor_prop_icon.json image:shuigui		cabinet_01
12502	柜子	indoor	set:g2052_mobile_editor_prop_icon.json image:house02_bingxiang		cabinet_02
12503	柜子	indoor	set:g2052_mobile_editor_prop_icon.json image:wenjianguizi		zb_guizi_01
12504	柜子	indoor	set:g2052_mobile_editor_prop_icon.json image:g2052_police_wenjiangui		zb_guizi_02
12505	柜子	indoor	set:g2052_mobile_editor_prop_icon.json image:g2052_police_danangui		zb_guizi_03
12506	柜子	indoor	set:g2052_mobile_editor_prop_icon.json image:g2052_house001_guizi_01		zb_guizi_04
12507	柜子	indoor	set:g2052_mobile_editor_prop_icon.json image:g2052_house001_guizi_02		zb_guizi_05
12508	柜子	indoor	set:g2052_mobile_editor_prop_icon.json image:g2025_house_bar01		zb_guizi_06
12509	柜子	indoor	set:g2052_mobile_editor_prop_icon.json image:g2025_house_bar02		zb_guizi_07
12510	柜子	indoor	set:g2052_mobile_editor_prop_icon.json image:g2025_house_bar03		zb_guizi_08
12511	柜子	indoor	set:g2052_mobile_editor_prop_icon.json image:g2025_house_bar04		zb_guizi_09
12512	柜子	indoor	set:g2052_mobile_editor_prop_icon.json image:house_chugui01		zb_guizi_10
12513	柜子	indoor	set:g2052_mobile_editor_prop_icon.json image:kanhu_guizi01		zb_guizi_11
12101	装饰	indoor	set:g2052_mobile_editor_prop_icon.json image:g2052_square_hua02		zb_zhuangshi_01
12102	装饰	indoor	set:g2052_mobile_editor_prop_icon.json image:g2052_square_hua03		zb_zhuangshi_02
12103	装饰	indoor	set:g2052_mobile_editor_prop_icon.json image:g2052_square_hua04		zb_zhuangshi_03
12104	装饰	indoor	set:g2052_mobile_editor_prop_icon.json image:g2052_square_hua05		zb_zhuangshi_04
12105	装饰	indoor	set:g2052_mobile_editor_prop_icon.json image:g2052_house001_xiangpian_01		zb_zhuangshi_05
12106	装饰	indoor	set:g2052_mobile_editor_prop_icon.json image:g2052_house001_xiangpian_02		zb_zhuangshi_06
12107	装饰	indoor	set:g2052_mobile_editor_prop_icon.json image:2052_dt_01		zb_zhuangshi_07
12108	装饰	indoor	set:g2052_mobile_editor_prop_icon.json image:2052_dt_02		zb_zhuangshi_08
12109	装饰	indoor	set:g2052_mobile_editor_prop_icon.json image:2052_dt_03		zb_zhuangshi_09
12110	装饰	indoor	set:g2052_mobile_editor_prop_icon.json image:g2052_house001_ditan_01		zb_zhuangshi_10
12111	装饰	indoor	set:g2052_mobile_editor_prop_icon.json image:g2052_house001_ditan_02		zb_zhuangshi_11
12112	装饰	indoor	set:g2052_mobile_editor_prop_icon.json image:g2052_house001_ditan_03		zb_zhuangshi_12
12701	床具	indoor	set:g2052_mobile_editor_prop_icon.json image:house_02_chuang		bed_01
12702	床具	indoor	set:g2052_mobile_editor_prop_icon.json image:g2052_house001_chuang_02		bed_02
12703	床具	indoor	set:g2052_mobile_editor_prop_icon.json image:cd_qc_c		bed_03
12704	床具	indoor	set:g2052_mobile_editor_prop_icon.json image:g2052_police_laofang_chuang_1		bed_04
12705	床具	indoor	set:g2052_mobile_editor_prop_icon.json image:g2052_house001_chuang_01		zb_bed_01
12706	床具	indoor	set:g2052_mobile_editor_prop_icon.json image:g2052_chuang		zb_bed_02
12707	床具	indoor	set:g2052_mobile_editor_prop_icon.json image:g2052_fangzi05_woshichuang		zb_bed_03
12708	床具	indoor	set:g2052_mobile_editor_prop_icon.json image:kanhu_chuang01		zb_bed_04
12801	灯具/窗帘	indoor	set:g2052_mobile_editor_prop_icon.json image:g2052_house001_chuanglian_01		lamp_01
12802	灯具/窗帘	indoor	set:g2052_mobile_editor_prop_icon.json image:g2052_house001_deng_01		lamp_02
12803	灯具/窗帘	indoor	set:g2052_mobile_editor_prop_icon.json image:g2052_luodideng		zb_lamp_01
12804	灯具/窗帘	indoor	set:g2052_mobile_editor_prop_icon.json image:g2052_house001_deng_02		zb_lamp_02
12805	显示器	indoor	set:g2052_mobile_editor_prop_icon.json image:g2052_gasstation_diannao		zb_equipment_01
12806	饮水机	indoor	set:g2052_mobile_editor_prop_icon.json image:yinshuiji		zb_equipment_02
12807	打印机	indoor	set:g2052_mobile_editor_prop_icon.json image:dayinji		zb_equipment_03
12808	浴缸	indoor	set:g2052_mobile_editor_prop_icon.json image:g2052_house001_yugang_01		zb_equipment_04
12809	衣架	indoor	set:g2052_mobile_editor_prop_icon.json image:yijia		zb_equipment_05
12810	马桶	indoor	set:g2052_mobile_editor_prop_icon.json image:g2052_hospitalwj_02		zb_equipment_06
12490	植物	plant	set:g2052_mobile_editor_prop_icon.json image:2052_shu_01		landscape_01
12491	植物	plant	set:g2052_mobile_editor_prop_icon.json image:tree02		landscape_02
12492	植物	plant	set:g2052_mobile_editor_prop_icon.json image:2052_shu_03		landscape_03
12493	植物	plant	set:g2052_mobile_editor_prop_icon.json image:tree01		landscape_04
12494	植物	plant	set:g2052_mobile_editor_prop_icon.json image:house_shu		landscape_05
12495	植物	plant	set:g2052_mobile_editor_prop_icon.json image:g2052_huatan_a		landscape_06
12496	植物	plant	set:g2052_mobile_editor_prop_icon.json image:Plant_01		zb_landscape_01
12497	植物	plant	set:g2052_mobile_editor_prop_icon.json image:2052_shu_02		zb_landscape_02
12498	植物	plant	set:g2052_mobile_editor_prop_icon.json image:greenplant_c		zb_landscape_03
12900	杂项	props	set:g2052_mobile_editor_prop_icon.json image:g2052_hamburgercar_san		zb_zhuangshi_13
12901	杂项	props	set:g2052_mobile_editor_prop_icon.json image:g2052_jiangbei01		zb_zhuangshi_14
12902	杂项	props	set:g2052_mobile_editor_prop_icon.json image:g2052_jiangbei02		zb_zhuangshi_15
12903	杂项	props	set:g2052_mobile_editor_prop_icon.json image:g2052_jiangbei03		zb_zhuangshi_16
12904	杂项	props	set:g2052_mobile_editor_prop_icon.json image:g2052_fuzhuangdian_jiaju04		zb_zhuangshi_17
12905	杂项	props	set:g2052_mobile_editor_prop_icon.json image:zhong		zb_zhuangshi_18
12906	杂项	props	set:g2052_mobile_editor_prop_icon.json image:prop_luzhang		prop_01
12907	杂项	props	set:g2052_mobile_editor_prop_icon.json image:g2052_prop_ladder		prop_02
12908	杂项	props	set:g2052_mobile_editor_prop_icon.json image:g2052_miehuoqi		prop_03
12909	杂项	props	set:g2052_mobile_editor_prop_icon.json image:boxa		zb_prop_01
12910	杂项	props	set:g2052_mobile_editor_prop_icon.json image:g2052_police_anniu		zb_prop_03
12911	杂项	props	set:g2052_mobile_editor_prop_icon.json image:camera_01		zb_prop_04
12912	杂项	props	set:g2052_mobile_editor_prop_icon.json image:dianhua		zb_prop_05
12913	杂项	props	set:g2052_mobile_editor_prop_icon.json image:g2052_police_dianjifang_heiban		zb_prop_06
12914	设备	props	set:g2052_mobile_editor_prop_icon.json image:g2052_soundparts_01		equipment_01
12915	设备	props	set:g2052_mobile_editor_prop_icon.json image:g2052_soundparts_02		equipment_02
12916	设备	props	set:g2052_mobile_editor_prop_icon.json image:g2052_soundparts_03		equipment_03
12917	设备	props	set:g2052_mobile_editor_prop_icon.json image:g2052_yueqi_01		equipment_04
12918	设备	props	set:g2052_mobile_editor_prop_icon.json image:g2052_yueqi_02		equipment_05
12919	设备	props	set:g2052_mobile_editor_prop_icon.json image:g2052_yueqi_06		equipment_06
12920	杂项	props	set:g2052_mobile_editor_prop_icon.json image:polySurface138		zb_prop_07
12921	杂项	props	set:g2052_mobile_editor_prop_icon.json image:polySurface135		zb_prop_08
12922	设备	props	set:g2052_mobile_editor_prop_icon.json image:g2052_yueqi_07		equipment_07
12923	设备	props	set:g2052_mobile_editor_prop_icon.json image:g2052_yueqi_08		equipment_08
12924	杂项	props	set:g2052_mobile_editor_prop_icon.json image:g2052_xiaofang_youguan		zb_prop_09
12925	杂项	props	set:g2052_mobile_editor_prop_icon.json image:g2052_xiaofang_youtong		zb_prop_10
12926	杂项	props	set:g2052_mobile_editor_prop_icon.json image:g2052_house001_cuju_01		zb_prop_11
12927	杂项	props	set:g2052_mobile_editor_prop_icon.json image:guopan		zb_prop_12
20001	地板				floor
30001	方块	geometry	set:g2052_mobile_editor_model.json image:g2040_ui_model_picture_01	ui.g2054_base_model_cube.name	g2054_base_model_cube
30002	圆球	geometry	set:g2052_mobile_editor_model.json image:g2040_ui_model_picture_15	ui.g2054_base_model_sphere.name	g2054_base_model_sphere
30003	圆柱	geometry	set:g2052_mobile_editor_model.json image:g2040_ui_model_picture_05	ui.g2054_base_model_cylinder.name	g2054_base_model_cylinder
30004	锥体	geometry	set:g2052_mobile_editor_model.json image:g2040_ui_model_picture_08	ui.g2054_base_model_cone.name	g2054_base_model_cone
30005	半立方体	geometry	set:g2052_mobile_editor_model.json image:g2040_ui_model_picture_02	ui.g2054_base_model_half_cube.name	g2054_base_model_half_cube
30006	楼梯	geometry	set:g2052_mobile_editor_model.json image:g2040_ui_model_picture_03	ui.g2054_base_model_staris.name	g2054_base_model_staris
30007	直角三棱柱	geometry	set:g2052_mobile_editor_model.json image:g2040_ui_model_picture_04	ui.g2054_base_model_right_angle_triangular_prism.name	g2054_base_model_right_angle_triangular_prism
30008	空心柱	geometry	set:g2052_mobile_editor_model.json image:g2040_ui_model_picture_06	ui.g2054_base_model_hollow_column.name	g2054_base_model_hollow_column
30009	扇形柱	geometry	set:g2052_mobile_editor_model.json image:g2040_ui_model_picture_07	ui.g2054_base_model_fan_column.name	g2054_base_model_fan_column
30010	正四棱锥	geometry	set:g2052_mobile_editor_model.json image:g2040_ui_model_picture_09	ui.g2054_base_mode_square_pyramid.name	g2054_base_mode_square_pyramid
30011	圆环	geometry	set:g2052_mobile_editor_model.json image:g2040_ui_model_picture_10	ui.g2054_base_model_circle.name	g2054_base_model_circle
30012	半圆环	geometry	set:g2052_mobile_editor_model.json image:g2040_ui_model_picture_11	ui.g2054_base_model_half_circle.name	g2054_base_model_half_circle
30013	圆台	geometry	set:g2052_mobile_editor_model.json image:g2040_ui_model_picture_12	ui.g2054_base_model_round_table.name	g2054_base_model_round_table
30014	空心圆台	geometry	set:g2052_mobile_editor_model.json image:g2040_ui_model_picture_13	ui.g2054_base_model_hollow_round_table.name	g2054_base_model_hollow_round_table
30015	正四棱台	geometry	set:g2052_mobile_editor_model.json image:g2040_ui_model_picture_14	ui.g2054_base_model_square_prism.name	g2054_base_model_square_prism
30016	半球体	geometry	set:g2052_mobile_editor_model.json image:g2040_ui_model_picture_16	ui.g2054_base_model_hemisphere.name	g2054_base_model_hemisphere
