n_id	s_cfgName		n_type	n_sort	s_icon	s_actor_name	n_isWatchAd	n_needBuy	n_lockState	n_needReceive	s_lockTips	s_feedFood	n_foodFrontDis	s_feedOffset	s_happyAction	n_foodSpeed	s_speedUpBuff	n_speedUpTime	n_speedUpCD
序号	配置	备注	1宠物2坐骑3巨兽	宠物排序	展示图标	actor名	是否广告	需要购买，1需要 默认0不需要	需要解锁，1需要 默认0不需要 1招标 2vip 3PeakDay	需要领取才能可见，1需要 默认0不需要	未解锁提示多语言	创建食物的零件名字	在宠物正前方多少距离创建	宠物喂食目标点相对玩家偏移x#y#z	高兴动作列表#隔开	宠物移动速率 每帧	宠物骑乘加速buff	宠物骑乘加速持续时间	宠物骑乘加速CD
1001	myplugin/pet_101	猫	1	20	set:g2052_children_icon.json image:g2052_pet_101	g2052_pet_1.actor						myplugin/hanbao_pet	0.6	2#0#0	happy	0.1			
1002	myplugin/pet_102	柯基	1	2	set:g2052_children_icon.json image:g2052_pet_102	g2052_pet_2.actor						myplugin/hanbao_pet	0.6	2#0#0	happy	0.1			
1003	myplugin/pet_103	奶牛	1	10	set:g2052_children_icon.json image:g2052_pet_103	g2052_pet_3.actor						myplugin/hanbao_pet	0.6	2#0#0	happy	0.1			
1004	myplugin/pet_104	彩虹马小	1	21	set:g2052_children_icon.json image:g2052_pet_104	g2052_pet_4.actor						myplugin/hanbao_pet	0.6	2#0#0	happy	0.1			
1005	myplugin/pet_01	小孩蓝色	0	22	set:g2052_children_icon.json image:g2052_icon_baby_01	g2052_baby_01.actor						myplugin/hanbao_pet	0.6	2#0#0		0.1			
1006	myplugin/pet_02	小孩红色	0	23	set:g2052_children_icon.json image:g2052_icon_baby_03	g2052_baby_02.actor						myplugin/hanbao_pet	0.6	2#0#0		0.1			
1007	myplugin/pet_03	小孩黄色	0	24	set:g2052_children_icon.json image:g2052_icon_baby_02	g2052_baby_03.actor						myplugin/hanbao_pet	0.6	2#0#0		0.1			
1008	myplugin/pet_04	警犬	1	6	set:g2052_children_icon.json image:g2052_pet_04	g2052_baby_04.actor						myplugin/hanbao_pet	0.6	2#0#0		0.1			
1009	myplugin/pet_05	消防犬	1	19	set:g2052_children_icon.json image:g2052_pet_05	g2052_baby_05.actor						myplugin/hanbao_pet	0.6	2#0#0		0.1			
1010	myplugin/pet_06	恶霸犬	1	7	set:g2052_children_icon.json image:g2052_pet_06	g2052_baby_06.actor						myplugin/hanbao_pet	0.6	2#0#0		0.1			
1011	myplugin/pet_daodanmao	捣蛋猫	1	8	set:g2052_children_icon.json image:g2052_pet_daodanmao	g2052_pet_daodanmao.actor		1				myplugin/hanbao_pet	0.6	2#0#0		0.1			
1013	myplugin/pet_gugu	小鸡	1	12	set:g2052_children_icon.json image:g2052_pet_gugu_01	g2052_pet_gugu_01.actor						myplugin/hanbao_pet	0.6	2#0#0		0.1			
1014	myplugin/pet_huli	狐狸	1	13	set:g2052_children_icon.json image:g2052_pet_huli	g2052_pet_huli.actor		1	2			myplugin/hanbao_pet	0.6	2#0#0		0.1			
1015	myplugin/pet_meihualu	梅花鹿	1	14	set:g2052_children_icon.json image:g2052_pet_meihualu_01	g2052_pet_meihualu_01.actor						myplugin/hanbao_pet	0.6	2#0#0		0.1			
1016	myplugin/pet_pig	猪	1	15	set:g2052_children_icon.json image:g2052_pet_pig	g2052_pet_pig.actor						myplugin/hanbao_pet	0.6	2#0#0		0.1			
1017	myplugin/pet_songshu	松鼠	1	16	set:g2052_children_icon.json image:g2052_pet_songshu	g2052_pet_songshu.actor						myplugin/hanbao_pet	0.6	2#0#0		0.1			
1018	myplugin/pet_tunvlang	兔女郎	1	17	set:g2052_children_icon.json image:g2052_pet_tunvlang	g2052_pet_tunvlang.actor		1	4			myplugin/hanbao_pet	0.6	2#0#0		0.1			
1019	myplugin/pet_tuzi	兔子	1	17	set:g2052_new_dress.json image:pet_tuzi	g2052_pet_tuzi.actor			99			myplugin/hanbao_pet	0.6	2#0#0		0.1			
2001	myplugin/pet_xiongmao	熊猫坐骑	2	4	set:g2052_children_icon.json image:g2052_pet_xiongmao	g2052_pet_xiongmao.actor						myplugin/pingguo_pet	0.9	2#0#0		0.1	myplugin/pet_speed_up_buff_1	5	8
2002	myplugin/pet_gugu_ride	鸡坐骑	2	3	set:g2052_children_icon.json image:g2052_pet_gugu_02	g2052_pet_gugu_02.actor						myplugin/pingguo_pet	0.9	2#0#0		0.1	myplugin/pet_speed_up_buff_1	5	8
2003	myplugin/pet_caihongma	彩虹马坐骑	2	18	set:g2052_children_icon.json image:g2052_pet_caihongma	g2052_pet_caihongma.actor		1	4			myplugin/pingguo_pet	0.9	2#0#0		0.1	myplugin/pet_speed_up_buff_1	5	8
11	myplugin/pet_201	马1	2	9	set:g2052_children_icon.json image:g2052_icon_ma_02	g2052_horse_1.actor		1	4			myplugin/pingguo_pet	0.9	2#0#0		0.1	myplugin/pet_speed_up_buff_1	5	8
12	myplugin/pet_202	马2	2	9	set:g2052_children_icon.json image:g2052_icon_ma_01	g2052_horse_2.actor		1	3			myplugin/pingguo_pet	0.9	2#0#0		0.1	myplugin/pet_speed_up_buff_1	5	8
13	myplugin/pet_203	马3	2	9	set:g2052_children_icon.json image:g2052_icon_ma_03	g2052_horse_3.actor		1	3			myplugin/pingguo_pet	0.9	2#0#0		0.1	myplugin/pet_speed_up_buff_1	5	8
3001	myplugin/pet_kikong	大猩猩	3	1	set:g2052_children_icon.json image:g2052_pet_kikong	g2052_pet_kikong.actor		1				myplugin/hanbao_pet	0.6	2#0#0		0.1			
4001		广告	0	-1	set:g2052_shop_new.json image:img_0_advertisement		1												
