n_id	s_landName	s_buildName	n_regionId	n_bidId	s_initialBuildings	s_curBuildings	s_posOffset	s_rotateOffset	s_billboardOffset	s_billboardRotate	n_billboardRange	s_signOffset	s_signRotate	n_takeInCloths	n_takeInPet	n_winClothes	s_winTxt	s_winColor	s_publicOffset	s_publicRotate	n_publicRange	s_screenShot	s_landIcon	s_landMapPos	s_landAwardIcon	s_landAwardLang	s_landAwardType	s_landAwardItem
序号	地块名	建筑名称（例：图书馆）	区号	投标id	初始建筑	当前建筑	坐标偏移量	旋转偏移	3dui位移偏移量	3dui旋转偏移	3dui可视距离	告示牌位移偏移量	告示牌旋转偏移	参与者永久套装id	参与者永久宠物id	获标者套装id	获标者称号多语言	获标者名称颜色	署名3dui位移偏移量	署名3dui旋转偏移	署名3dui可视距离	编辑器截图摄像机位置 x#y#z#yaw#pitch	地块展示icon	地块跳转:地图#x#y#z#yaw	地块奖励图标#隔开	地块奖励多语言#隔开	地块奖励获得类型#隔开，1参与2竞标成功	地块奖励物品类型#和$隔开，pet$1001#cloth$1001#normal
1	zhaobiao	g2052.gui.tendering.block_name.block1	1001	10001	myplugin/fuhuojie_danwu		-0.43#-0.2#0.38	0#-90#0	-21.3#3.5#3	0#90#0	30	-20#3#4	0#-90#0			11014	g2052.gui.tendering.award.police_chief1	38ffa4	-19.05#1.5#1.5	0#90#0	30	0#40#-26#0#57	set:g2052_tender.json image:zhaobiao1_bg	map001#-160#38#-90#-90	set:g2052_tender.json image:g2052_icon_prop_chenhao#set:g2052_tender.json image:g2052_icon_prop_shuming#set:g2052_suit_icon.json image:g2052_clothing_suits_14	g2052.gui.tendering.block_name.block01#g2052.gui.tendering.block_name.block01#g2052.gui.tendering.block_name.block01	1#1#1	normal#pet$2#cloth$11009
2	zhaopai01	g2052.gui.tendering.block_name.block01	1001	10002			0#0#0	0#-90#0	11.3#3.5#1	0#-90#0	30	10#3#0	0#90#0	11009	2		g2052.gui.tendering.award.police_chief01	38ffa4	6.8#4.6#-0.6	0#-90#0	30	0#45#-20#0#45	set:g2052_tender.json image:zhaobiao2_bg	map001#60#38#-99.5#90	set:g2052_tender.json image:g2052_icon_prop_chenhao#set:g2052_tender.json image:g2052_icon_prop_shuming	g2052.gui.tendering.block_name.block05#g2052.gui.tendering.block_name.block05	1#1	pet$3#cloth$11010
3	zhaopai02	g2052.gui.tendering.block_name.block02	1001	10003			0#0#0	0#-90#0	11.3#3.5#1	0#-90#0	30	10#3#0	0#90#0				g2052.gui.tendering.award.police_chief02	38ffa4	6.8#4.6#-0.6	0#-90#0	30	0#45#-20#0#45	set:g2052_tender.json image:zhaobiao2_bg	map001#60#38#-88#90	set:g2052_tender.json image:g2052_icon_prop_chenhao#set:g2052_tender.json image:g2052_icon_prop_shuming			
4	zhaopai03	g2052.gui.tendering.block_name.block03	1001	10004			0.5#0#0.3	0#-92#0	11.3#3.5#1	0#-90#0	30	10#3#0	0#90#0				g2052.gui.tendering.award.police_chief03	38ffa4	6.8#4.6#0	0#-90#0	30	0#45#-20#0#45	set:g2052_tender.json image:zhaobiao2_bg	map001#60#38#-76#90	set:g2052_tender.json image:g2052_icon_prop_chenhao#set:g2052_tender.json image:g2052_icon_prop_shuming			
5	zhaopai04	g2052.gui.tendering.block_name.block04	1001	10005			0#0#0	0#-90#0	11.3#3.5#1	0#-90#0	30	10#3#0	0#90#0				g2052.gui.tendering.award.police_chief04	38ffa4	6.8#4.6#0	0#-90#0	30	0#45#-20#0#45	set:g2052_tender.json image:zhaobiao2_bg	map001#60#38#-64#90	set:g2052_tender.json image:g2052_icon_prop_chenhao#set:g2052_tender.json image:g2052_icon_prop_shuming			
6	zhaopai05	g2052.gui.tendering.block_name.block05	1001	10006			0#0#0	0#-90#0	11.3#3.5#1	0#-90#0	30	10#3#0	0#90#0				g2052.gui.tendering.award.police_chief05	38ffa4	6.8#4.6#0	0#-90#0	30	0#45#-20#0#45	set:g2052_tender.json image:zhaobiao2_bg	map001#60#38#-52#90	set:g2052_tender.json image:g2052_icon_prop_chenhao#set:g2052_tender.json image:g2052_icon_prop_shuming			
7	zhaopai06	g2052.gui.tendering.block_name.block06	1001	10007			0#0#0	0#-90#0	11.3#3.5#1	0#-90#0	30	10#3#0	0#90#0				g2052.gui.tendering.award.police_chief06	38ffa4	6.8#4.6#0	0#-90#0	30	0#45#-20#0#45	set:g2052_tender.json image:zhaobiao2_bg	map001#60#38#-40#90	set:g2052_tender.json image:g2052_icon_prop_chenhao#set:g2052_tender.json image:g2052_icon_prop_shuming			
8	zhaopai07	g2052.gui.tendering.block_name.block07	1001	10008			0#0#0	0#-90#0	-11.3#3.5#-1	0#90#0	30	-10#3#0	0#-90#0				g2052.gui.tendering.award.police_chief07	38ffa4	-6.6#4.6#0.1	0#90#0	30	0#45#-20#0#45	set:g2052_tender.json image:zhaobiao2_bg	map001#18#38#-40#-90	set:g2052_tender.json image:g2052_icon_prop_chenhao#set:g2052_tender.json image:g2052_icon_prop_shuming			
9	zhaopai08	g2052.gui.tendering.block_name.block08	1001	10009			0#0#0	0#-90#0	-11.3#3.5#-1	0#90#0	30	-10#3#0	0#-90#0				g2052.gui.tendering.award.police_chief08	38ffa4	-6.6#4.6#0	0#90#0	30	0#45#-20#0#45	set:g2052_tender.json image:zhaobiao2_bg	map001#18#38#-52#-90	set:g2052_tender.json image:g2052_icon_prop_chenhao#set:g2052_tender.json image:g2052_icon_prop_shuming			
10	zhaopai09	g2052.gui.tendering.block_name.block09	1001	10010			0#0#0	0#-90#0	-11.3#3.5#-1	0#90#0	30	-10#3#0	0#-90#0				g2052.gui.tendering.award.police_chief09	38ffa4	-6.6#4.6#0	0#90#0	30	0#45#-20#0#45	set:g2052_tender.json image:zhaobiao2_bg	map001#18#38#-64#-90	set:g2052_tender.json image:g2052_icon_prop_chenhao#set:g2052_tender.json image:g2052_icon_prop_shuming			
11	zhaopai10	g2052.gui.tendering.block_name.block10	1001	10011			0#0#0	0#-90#0	-11.3#3.5#-1	0#90#0	30	-10#3#0	0#-90#0				g2052.gui.tendering.award.police_chief10	38ffa4	-6.6#4.6#0	0#90#0	30	0#45#-20#0#45	set:g2052_tender.json image:zhaobiao2_bg	map001#18#38#-76#-90	set:g2052_tender.json image:g2052_icon_prop_chenhao#set:g2052_tender.json image:g2052_icon_prop_shuming			
12	zhaobiao	g2052.gui.tendering.block_name.block1	1003	10301	myplugin/fuhuojie_danwu		-0.43#-0.2#0.38	0#-90#0	-21.3#3.5#3	0#90#0	30	-20#3#4	0#-90#0			11014	g2052.gui.tendering.award.police_chief1	38ffa4	-19.05#1.5#1.5	0#90#0	30	0#40#-26#0#57	set:g2052_tender.json image:zhaobiao1_bg	map001#-160#38#-90#-90	set:g2052_tender.json image:g2052_icon_prop_chenhao#set:g2052_tender.json image:g2052_icon_prop_shuming#set:g2052_suit_icon.json image:g2052_clothing_suits_14			
13	zhaopai01	g2052.gui.tendering.block_name.block01	1003	10302			0#0#0	0#-90#0	11.3#3.5#1	0#-90#0	30	10#3#0	0#90#0				g2052.gui.tendering.award.police_chief01	38ffa4	6.8#4.6#-0.6	0#-90#0	30	0#45#-20#0#45	set:g2052_tender.json image:zhaobiao2_bg	map001#60#38#-99.5#90	set:g2052_tender.json image:g2052_icon_prop_chenhao#set:g2052_tender.json image:g2052_icon_prop_shuming			
14	zhaopai02	g2052.gui.tendering.block_name.block02	1003	10303			0#0#0	0#-90#0	11.3#3.5#1	0#-90#0	30	10#3#0	0#90#0				g2052.gui.tendering.award.police_chief02	38ffa4	6.8#4.6#-0.6	0#-90#0	30	0#45#-20#0#45	set:g2052_tender.json image:zhaobiao2_bg	map001#60#38#-88#90	set:g2052_tender.json image:g2052_icon_prop_chenhao#set:g2052_tender.json image:g2052_icon_prop_shuming			
15	zhaopai03	g2052.gui.tendering.block_name.block03	1003	10304			0.5#0#0.3	0#-92#0	11.3#3.5#1	0#-90#0	30	10#3#0	0#90#0				g2052.gui.tendering.award.police_chief03	38ffa4	6.8#4.6#0	0#-90#0	30	0#45#-20#0#45	set:g2052_tender.json image:zhaobiao2_bg	map001#60#38#-76#90	set:g2052_tender.json image:g2052_icon_prop_chenhao#set:g2052_tender.json image:g2052_icon_prop_shuming			
16	zhaopai04	g2052.gui.tendering.block_name.block04	1003	10305			0#0#0	0#-90#0	11.3#3.5#1	0#-90#0	30	10#3#0	0#90#0				g2052.gui.tendering.award.police_chief04	38ffa4	6.8#4.6#0	0#-90#0	30	0#45#-20#0#45	set:g2052_tender.json image:zhaobiao2_bg	map001#60#38#-64#90	set:g2052_tender.json image:g2052_icon_prop_chenhao#set:g2052_tender.json image:g2052_icon_prop_shuming			
17	zhaopai05	g2052.gui.tendering.block_name.block05	1003	10306			0#0#0	0#-90#0	11.3#3.5#1	0#-90#0	30	10#3#0	0#90#0				g2052.gui.tendering.award.police_chief05	38ffa4	6.8#4.6#0	0#-90#0	30	0#45#-20#0#45	set:g2052_tender.json image:zhaobiao2_bg	map001#60#38#-52#90	set:g2052_tender.json image:g2052_icon_prop_chenhao#set:g2052_tender.json image:g2052_icon_prop_shuming			
18	zhaopai06	g2052.gui.tendering.block_name.block06	1003	10307			0#0#0	0#-90#0	11.3#3.5#1	0#-90#0	30	10#3#0	0#90#0				g2052.gui.tendering.award.police_chief06	38ffa4	6.8#4.6#0	0#-90#0	30	0#45#-20#0#45	set:g2052_tender.json image:zhaobiao2_bg	map001#60#38#-40#90	set:g2052_tender.json image:g2052_icon_prop_chenhao#set:g2052_tender.json image:g2052_icon_prop_shuming			
19	zhaopai07	g2052.gui.tendering.block_name.block07	1003	10308			0#0#0	0#-90#0	-11.3#3.5#-1	0#90#0	30	-10#3#0	0#-90#0				g2052.gui.tendering.award.police_chief07	38ffa4	-6.6#4.6#0.1	0#90#0	30	0#45#-20#0#45	set:g2052_tender.json image:zhaobiao2_bg	map001#18#38#-40#-90	set:g2052_tender.json image:g2052_icon_prop_chenhao#set:g2052_tender.json image:g2052_icon_prop_shuming			
20	zhaopai08	g2052.gui.tendering.block_name.block08	1003	10309			0#0#0	0#-90#0	-11.3#3.5#-1	0#90#0	30	-10#3#0	0#-90#0				g2052.gui.tendering.award.police_chief08	38ffa4	-6.6#4.6#0	0#90#0	30	0#45#-20#0#45	set:g2052_tender.json image:zhaobiao2_bg	map001#18#38#-52#-90	set:g2052_tender.json image:g2052_icon_prop_chenhao#set:g2052_tender.json image:g2052_icon_prop_shuming			
21	zhaopai09	g2052.gui.tendering.block_name.block09	1003	10310			0#0#0	0#-90#0	-11.3#3.5#-1	0#90#0	30	-10#3#0	0#-90#0				g2052.gui.tendering.award.police_chief09	38ffa4	-6.6#4.6#0	0#90#0	30	0#45#-20#0#45	set:g2052_tender.json image:zhaobiao2_bg	map001#18#38#-64#-90	set:g2052_tender.json image:g2052_icon_prop_chenhao#set:g2052_tender.json image:g2052_icon_prop_shuming			
22	zhaopai10	g2052.gui.tendering.block_name.block10	1003	10311			0#0#0	0#-90#0	-11.3#3.5#-1	0#90#0	30	-10#3#0	0#-90#0				g2052.gui.tendering.award.police_chief10	38ffa4	-6.6#4.6#0	0#90#0	30	0#45#-20#0#45	set:g2052_tender.json image:zhaobiao2_bg	map001#18#38#-76#-90	set:g2052_tender.json image:g2052_icon_prop_chenhao#set:g2052_tender.json image:g2052_icon_prop_shuming			
23	zhaobiao	g2052.gui.tendering.block_name.block1	1004	10401	myplugin/fuhuojie_danwu		-0.43#-0.2#0.38	0#-90#0	-21.3#3.5#3	0#90#0	30	-20#3#4	0#-90#0			11014	g2052.gui.tendering.award.police_chief1	38ffa4	-19.05#1.5#1.5	0#90#0	30	0#40#-26#0#57	set:g2052_tender.json image:zhaobiao1_bg	map001#-160#38#-90#-90	set:g2052_tender.json image:g2052_icon_prop_chenhao#set:g2052_tender.json image:g2052_icon_prop_shuming#set:g2052_suit_icon.json image:g2052_clothing_suits_14			
24	zhaopai01	g2052.gui.tendering.block_name.block01	1004	10402			0#0#0	0#-90#0	11.3#3.5#1	0#-90#0	30	10#3#0	0#90#0				g2052.gui.tendering.award.police_chief01	38ffa4	6.8#4.6#-0.6	0#-90#0	30	0#45#-20#0#45	set:g2052_tender.json image:zhaobiao2_bg	map001#60#38#-99.5#90	set:g2052_tender.json image:g2052_icon_prop_chenhao#set:g2052_tender.json image:g2052_icon_prop_shuming			
25	zhaopai02	g2052.gui.tendering.block_name.block02	1004	10403			0#0#0	0#-90#0	11.3#3.5#1	0#-90#0	30	10#3#0	0#90#0				g2052.gui.tendering.award.police_chief02	38ffa4	6.8#4.6#-0.6	0#-90#0	30	0#45#-20#0#45	set:g2052_tender.json image:zhaobiao2_bg	map001#60#38#-88#90	set:g2052_tender.json image:g2052_icon_prop_chenhao#set:g2052_tender.json image:g2052_icon_prop_shuming			
26	zhaopai03	g2052.gui.tendering.block_name.block03	1004	10404			0.5#0#0.3	0#-92#0	11.3#3.5#1	0#-90#0	30	10#3#0	0#90#0				g2052.gui.tendering.award.police_chief03	38ffa4	6.8#4.6#0	0#-90#0	30	0#45#-20#0#45	set:g2052_tender.json image:zhaobiao2_bg	map001#60#38#-76#90	set:g2052_tender.json image:g2052_icon_prop_chenhao#set:g2052_tender.json image:g2052_icon_prop_shuming			
27	zhaopai04	g2052.gui.tendering.block_name.block04	1004	10405			0#0#0	0#-90#0	11.3#3.5#1	0#-90#0	30	10#3#0	0#90#0				g2052.gui.tendering.award.police_chief04	38ffa4	6.8#4.6#0	0#-90#0	30	0#45#-20#0#45	set:g2052_tender.json image:zhaobiao2_bg	map001#60#38#-64#90	set:g2052_tender.json image:g2052_icon_prop_chenhao#set:g2052_tender.json image:g2052_icon_prop_shuming			
28	zhaopai05	g2052.gui.tendering.block_name.block05	1004	10406			0#0#0	0#-90#0	11.3#3.5#1	0#-90#0	30	10#3#0	0#90#0				g2052.gui.tendering.award.police_chief05	38ffa4	6.8#4.6#0	0#-90#0	30	0#45#-20#0#45	set:g2052_tender.json image:zhaobiao2_bg	map001#60#38#-52#90	set:g2052_tender.json image:g2052_icon_prop_chenhao#set:g2052_tender.json image:g2052_icon_prop_shuming			
29	zhaopai06	g2052.gui.tendering.block_name.block06	1004	10407			0#0#0	0#-90#0	11.3#3.5#1	0#-90#0	30	10#3#0	0#90#0				g2052.gui.tendering.award.police_chief06	38ffa4	6.8#4.6#0	0#-90#0	30	0#45#-20#0#45	set:g2052_tender.json image:zhaobiao2_bg	map001#60#38#-40#90	set:g2052_tender.json image:g2052_icon_prop_chenhao#set:g2052_tender.json image:g2052_icon_prop_shuming			
30	zhaopai07	g2052.gui.tendering.block_name.block07	1004	10408			0#0#0	0#-90#0	-11.3#3.5#-1	0#90#0	30	-10#3#0	0#-90#0				g2052.gui.tendering.award.police_chief07	38ffa4	-6.6#4.6#0.1	0#90#0	30	0#45#-20#0#45	set:g2052_tender.json image:zhaobiao2_bg	map001#18#38#-40#-90	set:g2052_tender.json image:g2052_icon_prop_chenhao#set:g2052_tender.json image:g2052_icon_prop_shuming			
31	zhaopai08	g2052.gui.tendering.block_name.block08	1004	10409			0#0#0	0#-90#0	-11.3#3.5#-1	0#90#0	30	-10#3#0	0#-90#0				g2052.gui.tendering.award.police_chief08	38ffa4	-6.6#4.6#0	0#90#0	30	0#45#-20#0#45	set:g2052_tender.json image:zhaobiao2_bg	map001#18#38#-52#-90	set:g2052_tender.json image:g2052_icon_prop_chenhao#set:g2052_tender.json image:g2052_icon_prop_shuming			
32	zhaopai09	g2052.gui.tendering.block_name.block09	1004	10410			0#0#0	0#-90#0	-11.3#3.5#-1	0#90#0	30	-10#3#0	0#-90#0				g2052.gui.tendering.award.police_chief09	38ffa4	-6.6#4.6#0	0#90#0	30	0#45#-20#0#45	set:g2052_tender.json image:zhaobiao2_bg	map001#18#38#-64#-90	set:g2052_tender.json image:g2052_icon_prop_chenhao#set:g2052_tender.json image:g2052_icon_prop_shuming			
33	zhaopai10	g2052.gui.tendering.block_name.block10	1004	10411			0#0#0	0#-90#0	-11.3#3.5#-1	0#90#0	30	-10#3#0	0#-90#0				g2052.gui.tendering.award.police_chief10	38ffa4	-6.6#4.6#0	0#90#0	30	0#45#-20#0#45	set:g2052_tender.json image:zhaobiao2_bg	map001#18#38#-76#-90	set:g2052_tender.json image:g2052_icon_prop_chenhao#set:g2052_tender.json image:g2052_icon_prop_shuming			
34	zhaobiao	g2052.gui.tendering.block_name.block1	2001	20001	myplugin/fuhuojie_danwu		-0.43#-0.2#0.38	0#-90#0	-21.3#3.5#3	0#90#0	30	-20#3#4	0#-90#0			11014	g2052.gui.tendering.award.police_chief1	38ffa4	-19.05#1.5#1.5	0#90#0	30	0#40#-26#0#57	set:g2052_tender.json image:zhaobiao1_bg	map001#-160#38#-90#-90	set:g2052_tender.json image:g2052_icon_prop_chenhao#set:g2052_tender.json image:g2052_icon_prop_shuming#set:g2052_suit_icon.json image:g2052_clothing_suits_14			
35	zhaopai01	g2052.gui.tendering.block_name.block01	2001	20002			0#0#0	0#-90#0	11.3#3.5#1	0#-90#0	30	10#3#0	0#90#0				g2052.gui.tendering.award.police_chief01	38ffa4	6.8#4.6#-0.6	0#-90#0	30	0#45#-20#0#45	set:g2052_tender.json image:zhaobiao2_bg	map001#60#38#-99.5#90	set:g2052_tender.json image:g2052_icon_prop_chenhao#set:g2052_tender.json image:g2052_icon_prop_shuming			
36	zhaopai02	g2052.gui.tendering.block_name.block02	2001	20003			0#0#0	0#-90#0	11.3#3.5#1	0#-90#0	30	10#3#0	0#90#0				g2052.gui.tendering.award.police_chief02	38ffa4	6.8#4.6#-0.6	0#-90#0	30	0#45#-20#0#45	set:g2052_tender.json image:zhaobiao2_bg	map001#60#38#-88#90	set:g2052_tender.json image:g2052_icon_prop_chenhao#set:g2052_tender.json image:g2052_icon_prop_shuming			
37	zhaopai03	g2052.gui.tendering.block_name.block03	2001	20004			0.5#0#0.3	0#-92#0	11.3#3.5#1	0#-90#0	30	10#3#0	0#90#0				g2052.gui.tendering.award.police_chief03	38ffa4	6.8#4.6#0	0#-90#0	30	0#45#-20#0#45	set:g2052_tender.json image:zhaobiao2_bg	map001#60#38#-76#90	set:g2052_tender.json image:g2052_icon_prop_chenhao#set:g2052_tender.json image:g2052_icon_prop_shuming			
38	zhaopai04	g2052.gui.tendering.block_name.block04	2001	20005			0#0#0	0#-90#0	11.3#3.5#1	0#-90#0	30	10#3#0	0#90#0				g2052.gui.tendering.award.police_chief04	38ffa4	6.8#4.6#0	0#-90#0	30	0#45#-20#0#45	set:g2052_tender.json image:zhaobiao2_bg	map001#60#38#-64#90	set:g2052_tender.json image:g2052_icon_prop_chenhao#set:g2052_tender.json image:g2052_icon_prop_shuming			
39	zhaopai05	g2052.gui.tendering.block_name.block05	2001	20006			0#0#0	0#-90#0	11.3#3.5#1	0#-90#0	30	10#3#0	0#90#0				g2052.gui.tendering.award.police_chief05	38ffa4	6.8#4.6#0	0#-90#0	30	0#45#-20#0#45	set:g2052_tender.json image:zhaobiao2_bg	map001#60#38#-52#90	set:g2052_tender.json image:g2052_icon_prop_chenhao#set:g2052_tender.json image:g2052_icon_prop_shuming			
40	zhaopai06	g2052.gui.tendering.block_name.block06	2001	20007			0#0#0	0#-90#0	11.3#3.5#1	0#-90#0	30	10#3#0	0#90#0				g2052.gui.tendering.award.police_chief06	38ffa4	6.8#4.6#0	0#-90#0	30	0#45#-20#0#45	set:g2052_tender.json image:zhaobiao2_bg	map001#60#38#-40#90	set:g2052_tender.json image:g2052_icon_prop_chenhao#set:g2052_tender.json image:g2052_icon_prop_shuming			
41	zhaopai07	g2052.gui.tendering.block_name.block07	2001	20008			0#0#0	0#-90#0	-11.3#3.5#-1	0#90#0	30	-10#3#0	0#-90#0				g2052.gui.tendering.award.police_chief07	38ffa4	-6.6#4.6#0.1	0#90#0	30	0#45#-20#0#45	set:g2052_tender.json image:zhaobiao2_bg	map001#18#38#-40#-90	set:g2052_tender.json image:g2052_icon_prop_chenhao#set:g2052_tender.json image:g2052_icon_prop_shuming			
42	zhaopai08	g2052.gui.tendering.block_name.block08	2001	20009			0#0#0	0#-90#0	-11.3#3.5#-1	0#90#0	30	-10#3#0	0#-90#0				g2052.gui.tendering.award.police_chief08	38ffa4	-6.6#4.6#0	0#90#0	30	0#45#-20#0#45	set:g2052_tender.json image:zhaobiao2_bg	map001#18#38#-52#-90	set:g2052_tender.json image:g2052_icon_prop_chenhao#set:g2052_tender.json image:g2052_icon_prop_shuming			
43	zhaopai09	g2052.gui.tendering.block_name.block09	2001	20010			0#0#0	0#-90#0	-11.3#3.5#-1	0#90#0	30	-10#3#0	0#-90#0				g2052.gui.tendering.award.police_chief09	38ffa4	-6.6#4.6#0	0#90#0	30	0#45#-20#0#45	set:g2052_tender.json image:zhaobiao2_bg	map001#18#38#-64#-90	set:g2052_tender.json image:g2052_icon_prop_chenhao#set:g2052_tender.json image:g2052_icon_prop_shuming			
44	zhaopai10	g2052.gui.tendering.block_name.block10	2001	20011			0#0#0	0#-90#0	-11.3#3.5#-1	0#90#0	30	-10#3#0	0#-90#0				g2052.gui.tendering.award.police_chief10	38ffa4	-6.6#4.6#0	0#90#0	30	0#45#-20#0#45	set:g2052_tender.json image:zhaobiao2_bg	map001#18#38#-76#-90	set:g2052_tender.json image:g2052_icon_prop_chenhao#set:g2052_tender.json image:g2052_icon_prop_shuming			
45	zhaobiao	g2052.gui.tendering.block_name.block1	8002	80201	myplugin/fuhuojie_danwu		-0.43#-0.2#0.38	0#-90#0	-21.3#3.5#3	0#90#0	30	-20#3#4	0#-90#0			11014	g2052.gui.tendering.award.police_chief1	38ffa4	-19.05#1.5#1.5	0#90#0	30	0#40#-26#0#57	set:g2052_tender.json image:zhaobiao1_bg	map001#-160#38#-90#-90	set:g2052_tender.json image:g2052_icon_prop_chenhao#set:g2052_tender.json image:g2052_icon_prop_shuming#set:g2052_suit_icon.json image:g2052_clothing_suits_14			
46	zhaopai01	g2052.gui.tendering.block_name.block01	8002	80202			0#0#0	0#-90#0	11.3#3.5#1	0#-90#0	30	10#3#0	0#90#0				g2052.gui.tendering.award.police_chief01	38ffa4	6.8#4.6#-0.6	0#-90#0	30	0#45#-20#0#45	set:g2052_tender.json image:zhaobiao2_bg	map001#60#38#-99.5#90	set:g2052_tender.json image:g2052_icon_prop_chenhao#set:g2052_tender.json image:g2052_icon_prop_shuming			
47	zhaopai02	g2052.gui.tendering.block_name.block02	8002	80203			0#0#0	0#-90#0	11.3#3.5#1	0#-90#0	30	10#3#0	0#90#0				g2052.gui.tendering.award.police_chief02	38ffa4	6.8#4.6#-0.6	0#-90#0	30	0#45#-20#0#45	set:g2052_tender.json image:zhaobiao2_bg	map001#60#38#-88#90	set:g2052_tender.json image:g2052_icon_prop_chenhao#set:g2052_tender.json image:g2052_icon_prop_shuming			
48	zhaopai03	g2052.gui.tendering.block_name.block03	8002	80204			0#0#0	0#90#0	11.3#3.5#1	0#-90#0	30	10#3#0	0#90#0				g2052.gui.tendering.award.police_chief03	38ffa4	6.8#4.6#0	0#-90#0	30	0#45#-20#0#45	set:g2052_tender.json image:zhaobiao2_bg	map001#60#38#-76#90	set:g2052_tender.json image:g2052_icon_prop_chenhao#set:g2052_tender.json image:g2052_icon_prop_shuming			
49	zhaopai04	g2052.gui.tendering.block_name.block04	8002	80205			0#0#0	0#90#0	11.3#3.5#1	0#-90#0	30	10#3#0	0#90#0				g2052.gui.tendering.award.police_chief04	38ffa4	6.8#4.6#0	0#-90#0	30	0#45#-20#0#45	set:g2052_tender.json image:zhaobiao2_bg	map001#60#38#-64#90	set:g2052_tender.json image:g2052_icon_prop_chenhao#set:g2052_tender.json image:g2052_icon_prop_shuming			
50	zhaopai05	g2052.gui.tendering.block_name.block05	8002	80206			0#0#0	0#-90#0	11.3#3.5#1	0#-90#0	30	10#3#0	0#90#0				g2052.gui.tendering.award.police_chief05	38ffa4	6.8#4.6#0	0#-90#0	30	0#45#-20#0#45	set:g2052_tender.json image:zhaobiao2_bg	map001#60#38#-52#90	set:g2052_tender.json image:g2052_icon_prop_chenhao#set:g2052_tender.json image:g2052_icon_prop_shuming			
51	zhaopai06	g2052.gui.tendering.block_name.block06	8002	80207			0#0#0	0#90#0	11.3#3.5#1	0#-90#0	30	10#3#0	0#90#0				g2052.gui.tendering.award.police_chief06	38ffa4	6.8#4.6#0	0#-90#0	30	0#45#-20#0#45	set:g2052_tender.json image:zhaobiao2_bg	map001#60#38#-40#90	set:g2052_tender.json image:g2052_icon_prop_chenhao#set:g2052_tender.json image:g2052_icon_prop_shuming			
52	zhaopai07	g2052.gui.tendering.block_name.block07	8002	80208			0#0#0	0#-90#0	-11.3#3.5#-1	0#90#0	30	-10#3#0	0#-90#0				g2052.gui.tendering.award.police_chief07	38ffa4	-6.6#4.6#0.1	0#90#0	30	0#45#-20#0#45	set:g2052_tender.json image:zhaobiao2_bg	map001#18#38#-40#-90	set:g2052_tender.json image:g2052_icon_prop_chenhao#set:g2052_tender.json image:g2052_icon_prop_shuming			
53	zhaopai08	g2052.gui.tendering.block_name.block08	8002	80209			0#0#0	0#-90#0	-11.3#3.5#-1	0#90#0	30	-10#3#0	0#-90#0				g2052.gui.tendering.award.police_chief08	38ffa4	-6.6#4.6#0	0#90#0	30	0#45#-20#0#45	set:g2052_tender.json image:zhaobiao2_bg	map001#18#38#-52#-90	set:g2052_tender.json image:g2052_icon_prop_chenhao#set:g2052_tender.json image:g2052_icon_prop_shuming			
54	zhaopai09	g2052.gui.tendering.block_name.block09	8002	80210			0#0#0	0#90#0	-11.3#3.5#-1	0#90#0	30	-10#3#0	0#-90#0				g2052.gui.tendering.award.police_chief09	38ffa4	-6.6#4.6#0	0#90#0	30	0#45#-20#0#45	set:g2052_tender.json image:zhaobiao2_bg	map001#18#38#-64#-90	set:g2052_tender.json image:g2052_icon_prop_chenhao#set:g2052_tender.json image:g2052_icon_prop_shuming			
55	zhaopai10	g2052.gui.tendering.block_name.block10	8002	80211			0#0#0	0#-90#0	-11.3#3.5#-1	0#90#0	30	-10#3#0	0#-90#0				g2052.gui.tendering.award.police_chief10	38ffa4	-6.6#4.6#0	0#90#0	30	0#45#-20#0#45	set:g2052_tender.json image:zhaobiao2_bg	map001#18#38#-76#-90	set:g2052_tender.json image:g2052_icon_prop_chenhao#set:g2052_tender.json image:g2052_icon_prop_shuming			
56	zhaobiao	g2052.gui.tendering.block_name.block1	8005	80501	myplugin/fuhuojie_danwu		-0.43#-0.2#0.38	0#-90#0	-21.3#3.5#3	0#90#0	30	-20#3#4	0#-90#0			11014	g2052.gui.tendering.award.police_chief1	38ffa4	-19.05#1.5#1.5	0#90#0	30	0#40#-26#0#57	set:g2052_tender.json image:zhaobiao1_bg	map001#-160#38#-90#-90	set:g2052_tender.json image:g2052_icon_prop_chenhao#set:g2052_tender.json image:g2052_icon_prop_shuming#set:g2052_suit_icon.json image:g2052_clothing_suits_14			
57	zhaopai01	g2052.gui.tendering.block_name.block01	8005	80502			0#0#0	0#-90#0	11.3#3.5#1	0#-90#0	30	10#3#0	0#90#0				g2052.gui.tendering.award.police_chief01	38ffa4	6.8#4.6#-0.6	0#-90#0	30	0#45#-20#0#45	set:g2052_tender.json image:zhaobiao2_bg	map001#60#38#-99.5#90	set:g2052_tender.json image:g2052_icon_prop_chenhao#set:g2052_tender.json image:g2052_icon_prop_shuming			
58	zhaopai02	g2052.gui.tendering.block_name.block02	8005	80503			0#0#0	0#90#0	11.3#3.5#1	0#-90#0	30	10#3#0	0#90#0				g2052.gui.tendering.award.police_chief02	38ffa4	6.8#4.6#-0.6	0#-90#0	30	0#45#-20#0#45	set:g2052_tender.json image:zhaobiao2_bg	map001#60#38#-88#90	set:g2052_tender.json image:g2052_icon_prop_chenhao#set:g2052_tender.json image:g2052_icon_prop_shuming			
59	zhaopai03	g2052.gui.tendering.block_name.block03	8005	80504			0#0#0	0#-90#0	11.3#3.5#1	0#-90#0	30	10#3#0	0#90#0				g2052.gui.tendering.award.police_chief03	38ffa4	6.8#4.6#0	0#-90#0	30	0#45#-20#0#45	set:g2052_tender.json image:zhaobiao2_bg	map001#60#38#-76#90	set:g2052_tender.json image:g2052_icon_prop_chenhao#set:g2052_tender.json image:g2052_icon_prop_shuming			
60	zhaopai04	g2052.gui.tendering.block_name.block04	8005	80505			0#0#0	0#-90#0	11.3#3.5#1	0#-90#0	30	10#3#0	0#90#0				g2052.gui.tendering.award.police_chief04	38ffa4	6.8#4.6#0	0#-90#0	30	0#45#-20#0#45	set:g2052_tender.json image:zhaobiao2_bg	map001#60#38#-64#90	set:g2052_tender.json image:g2052_icon_prop_chenhao#set:g2052_tender.json image:g2052_icon_prop_shuming			
61	zhaopai05	g2052.gui.tendering.block_name.block05	8005	80506			0#0#0	0#90#0	11.3#3.5#1	0#-90#0	30	10#3#0	0#90#0				g2052.gui.tendering.award.police_chief05	38ffa4	6.8#4.6#0	0#-90#0	30	0#45#-20#0#45	set:g2052_tender.json image:zhaobiao2_bg	map001#60#38#-52#90	set:g2052_tender.json image:g2052_icon_prop_chenhao#set:g2052_tender.json image:g2052_icon_prop_shuming			
62	zhaopai06	g2052.gui.tendering.block_name.block06	8005	80507			0#0#0	0#-90#0	11.3#3.5#1	0#-90#0	30	10#3#0	0#90#0				g2052.gui.tendering.award.police_chief06	38ffa4	6.8#4.6#0	0#-90#0	30	0#45#-20#0#45	set:g2052_tender.json image:zhaobiao2_bg	map001#60#38#-40#90	set:g2052_tender.json image:g2052_icon_prop_chenhao#set:g2052_tender.json image:g2052_icon_prop_shuming			
63	zhaopai07	g2052.gui.tendering.block_name.block07	8005	80508			0#0#0	0#-90#0	-11.3#3.5#-1	0#90#0	30	-10#3#0	0#-90#0				g2052.gui.tendering.award.police_chief07	38ffa4	-6.6#4.6#0.1	0#90#0	30	0#45#-20#0#45	set:g2052_tender.json image:zhaobiao2_bg	map001#18#38#-40#-90	set:g2052_tender.json image:g2052_icon_prop_chenhao#set:g2052_tender.json image:g2052_icon_prop_shuming			
64	zhaopai08	g2052.gui.tendering.block_name.block08	8005	80509			0#0#0	0#-90#0	-11.3#3.5#-1	0#90#0	30	-10#3#0	0#-90#0				g2052.gui.tendering.award.police_chief08	38ffa4	-6.6#4.6#0	0#90#0	30	0#45#-20#0#45	set:g2052_tender.json image:zhaobiao2_bg	map001#18#38#-52#-90	set:g2052_tender.json image:g2052_icon_prop_chenhao#set:g2052_tender.json image:g2052_icon_prop_shuming			
65	zhaopai09	g2052.gui.tendering.block_name.block09	8005	80510			0#0#0	0#-90#0	-11.3#3.5#-1	0#90#0	30	-10#3#0	0#-90#0				g2052.gui.tendering.award.police_chief09	38ffa4	-6.6#4.6#0	0#90#0	30	0#45#-20#0#45	set:g2052_tender.json image:zhaobiao2_bg	map001#18#38#-64#-90	set:g2052_tender.json image:g2052_icon_prop_chenhao#set:g2052_tender.json image:g2052_icon_prop_shuming			
66	zhaopai10	g2052.gui.tendering.block_name.block10	8005	80511			0#0#0	0#-90#0	-11.3#3.5#-1	0#90#0	30	-10#3#0	0#-90#0				g2052.gui.tendering.award.police_chief10	38ffa4	-6.6#4.6#0	0#90#0	30	0#45#-20#0#45	set:g2052_tender.json image:zhaobiao2_bg	map001#18#38#-76#-90	set:g2052_tender.json image:g2052_icon_prop_chenhao#set:g2052_tender.json image:g2052_icon_prop_shuming			
67	zhaobiao	g2052.gui.tendering.block_name.block1	8009	80901	myplugin/fuhuojie_danwu		-0.43#-0.2#0.38	0#-90#0	-21.3#3.5#3	0#90#0	30	-20#3#4	0#-90#0			11014	g2052.gui.tendering.award.police_chief1	38ffa4	-19.05#1.5#1.5	0#90#0	30	0#40#-26#0#57	set:g2052_tender.json image:zhaobiao1_bg	map001#-160#38#-90#-90	set:g2052_tender.json image:g2052_icon_prop_chenhao#set:g2052_tender.json image:g2052_icon_prop_shuming#set:g2052_suit_icon.json image:g2052_clothing_suits_14			
68	zhaopai01	g2052.gui.tendering.block_name.block01	8009	80902			0#0#0	0#-90#0	11.3#3.5#1	0#-90#0	30	10#3#0	0#90#0				g2052.gui.tendering.award.police_chief01	38ffa4	6.8#4.6#-0.6	0#-90#0	30	0#45#-20#0#45	set:g2052_tender.json image:zhaobiao2_bg	map001#60#38#-99.5#90	set:g2052_tender.json image:g2052_icon_prop_chenhao#set:g2052_tender.json image:g2052_icon_prop_shuming			
69	zhaopai02	g2052.gui.tendering.block_name.block02	8009	80903			0#0#0	0#-90#0	11.3#3.5#1	0#-90#0	30	10#3#0	0#90#0				g2052.gui.tendering.award.police_chief02	38ffa4	6.8#4.6#-0.6	0#-90#0	30	0#45#-20#0#45	set:g2052_tender.json image:zhaobiao2_bg	map001#60#38#-88#90	set:g2052_tender.json image:g2052_icon_prop_chenhao#set:g2052_tender.json image:g2052_icon_prop_shuming			
70	zhaopai03	g2052.gui.tendering.block_name.block03	8009	80904			0#0#0	0#-90#0	11.3#3.5#1	0#-90#0	30	10#3#0	0#90#0				g2052.gui.tendering.award.police_chief03	38ffa4	6.8#4.6#0	0#-90#0	30	0#45#-20#0#45	set:g2052_tender.json image:zhaobiao2_bg	map001#60#38#-76#90	set:g2052_tender.json image:g2052_icon_prop_chenhao#set:g2052_tender.json image:g2052_icon_prop_shuming			
71	zhaopai04	g2052.gui.tendering.block_name.block04	8009	80905			0#0#0	0#90#0	11.3#3.5#1	0#-90#0	30	10#3#0	0#90#0				g2052.gui.tendering.award.police_chief04	38ffa4	6.8#4.6#0	0#-90#0	30	0#45#-20#0#45	set:g2052_tender.json image:zhaobiao2_bg	map001#60#38#-64#90	set:g2052_tender.json image:g2052_icon_prop_chenhao#set:g2052_tender.json image:g2052_icon_prop_shuming			
72	zhaopai05	g2052.gui.tendering.block_name.block05	8009	80906			0.5#0#0.3	0#-90#0	11.3#3.5#1	0#-90#0	30	10#3#0	0#90#0				g2052.gui.tendering.award.police_chief05	38ffa4	6.8#4.6#0	0#-90#0	30	0#45#-20#0#45	set:g2052_tender.json image:zhaobiao2_bg	map001#60#38#-52#90	set:g2052_tender.json image:g2052_icon_prop_chenhao#set:g2052_tender.json image:g2052_icon_prop_shuming			
73	zhaopai06	g2052.gui.tendering.block_name.block06	8009	80907			0#0#0	0#-90#0	11.3#3.5#1	0#-90#0	30	10#3#0	0#90#0				g2052.gui.tendering.award.police_chief06	38ffa4	6.8#4.6#0	0#-90#0	30	0#45#-20#0#45	set:g2052_tender.json image:zhaobiao2_bg	map001#60#38#-40#90	set:g2052_tender.json image:g2052_icon_prop_chenhao#set:g2052_tender.json image:g2052_icon_prop_shuming			
74	zhaopai07	g2052.gui.tendering.block_name.block07	8009	80908			0#0#0	0#90#0	-11.3#3.5#-1	0#90#0	30	-10#3#0	0#-90#0				g2052.gui.tendering.award.police_chief07	38ffa4	-6.6#4.6#0.1	0#90#0	30	0#45#-20#0#45	set:g2052_tender.json image:zhaobiao2_bg	map001#18#38#-40#-90	set:g2052_tender.json image:g2052_icon_prop_chenhao#set:g2052_tender.json image:g2052_icon_prop_shuming			
75	zhaopai08	g2052.gui.tendering.block_name.block08	8009	80909			0#0#0	0#-90#0	-11.3#3.5#-1	0#90#0	30	-10#3#0	0#-90#0				g2052.gui.tendering.award.police_chief08	38ffa4	-6.6#4.6#0	0#90#0	30	0#45#-20#0#45	set:g2052_tender.json image:zhaobiao2_bg	map001#18#38#-52#-90	set:g2052_tender.json image:g2052_icon_prop_chenhao#set:g2052_tender.json image:g2052_icon_prop_shuming			
76	zhaopai09	g2052.gui.tendering.block_name.block09	8009	80910			0#0#0	0#-90#0	-11.3#3.5#-1	0#90#0	30	-10#3#0	0#-90#0				g2052.gui.tendering.award.police_chief09	38ffa4	-6.6#4.6#0	0#90#0	30	0#45#-20#0#45	set:g2052_tender.json image:zhaobiao2_bg	map001#18#38#-64#-90	set:g2052_tender.json image:g2052_icon_prop_chenhao#set:g2052_tender.json image:g2052_icon_prop_shuming			
77	zhaopai10	g2052.gui.tendering.block_name.block10	8009	80911			0#0#0	0#-90#0	-11.3#3.5#-1	0#90#0	30	-10#3#0	0#-90#0				g2052.gui.tendering.award.police_chief10	38ffa4	-6.6#4.6#0	0#90#0	30	0#45#-20#0#45	set:g2052_tender.json image:zhaobiao2_bg	map001#18#38#-76#-90	set:g2052_tender.json image:g2052_icon_prop_chenhao#set:g2052_tender.json image:g2052_icon_prop_shuming			
78	zhaobiao_201	g2052.gui.tendering.block_name_201	2001	200112			0#-0.3#0	0#0#0	-0.3#3.5#13.8	0#180#0	30	0#3#12.5	0#0#0				g2052.gui.tendering.block_title_201	38ffa4	-22#0#0	0#90#0	30	0#40#-16#0#40	set:g2052_tender.json image:zhaobiao1_bg	map001#-50#32#-174#-180	set:g2052_tender.json image:g2052_icon_prop_chenhao#set:g2052_tender.json image:g2052_icon_prop_shuming			
79	zhaobiao_202	g2052.gui.tendering.block_name_202	2001	200113			0#0#0	0#0#0	-0.3#3.5#13.8	0#180#0	30	0#3#12.5	0#0#0				g2052.gui.tendering.block_title_202	38ffa4	-22#0#0	0#90#0	30	0#40#-16#0#40	set:g2052_tender.json image:zhaobiao1_bg	map001#-21.3#32#-174#-180	set:g2052_tender.json image:g2052_icon_prop_chenhao#set:g2052_tender.json image:g2052_icon_prop_shuming			
80	zhaobiao_203	g2052.gui.tendering.block_name_203	2001	200114			0#-2#0	0#0#0	-0.3#3.5#13.8	0#180#0	30	0#3#12.5	0#0#0				g2052.gui.tendering.block_title_203	38ffa4	-22#0#0	0#90#0	30	0#40#-16#0#40	set:g2052_tender.json image:zhaobiao2_bg	map001#8#32#-174#-180	set:g2052_tender.json image:g2052_icon_prop_chenhao#set:g2052_tender.json image:g2052_icon_prop_shuming			
81	zhaobiao_204	g2052.gui.tendering.block_name_204	2001	200115			0#-2#0	0#0#0	-0.3#3.5#13.8	0#180#0	30	0#3#12.5	0#0#0				g2052.gui.tendering.block_title_204	38ffa4	-22#0#0	0#90#0	30	0#40#-16#0#40	set:g2052_tender.json image:zhaobiao2_bg	map001#37.4#32#-174#-180	set:g2052_tender.json image:g2052_icon_prop_chenhao#set:g2052_tender.json image:g2052_icon_prop_shuming			
82	zhaobiao_205	g2052.gui.tendering.block_name_205	2001	200116			0#0#0	0#0#0	-0.3#3.5#22.3	0#180#0	30	0#3#21	0#0#0			11016	g2052.gui.tendering.block_title_205	38ffa4	-22#0#0	0#90#0	30	0#48#-25#0#55	set:g2052_tender.json image:zhaobiao3_bg	map001#17.8#32#-208#180	set:g2052_tender.json image:g2052_icon_prop_chenhao#set:g2052_tender.json image:g2052_icon_prop_shuming#set:g2052_suit_icon.json image:g2052_clothing_suits_14			
83	zhaobiao_206	g2052.gui.tendering.block_name_206	2001	200117			0#-2#0	0#0#0	-0.3#3.5#22.3	0#180#0	30	0#3#21	0#0#0			11016	g2052.gui.tendering.block_title_206	38ffa4	-22#0#0	0#90#0	30	0#46#-23#0#55	set:g2052_tender.json image:zhaobiao4_bg	map001#-40.7#32#-208#180	set:g2052_tender.json image:g2052_icon_prop_chenhao#set:g2052_tender.json image:g2052_icon_prop_shuming#set:g2052_suit_icon.json image:g2052_clothing_suits_14			
84	zhaobiao_201	g2052.gui.tendering.block_name_201	1001	100112			0#-0.3#0	0#0#0	-0.3#3.5#13.8	0#180#0	30	0#3#12.5	0#0#0				g2052.gui.tendering.block_title_201	38ffa4	-22#0#0	0#90#0	30	0#40#-16#0#40	set:g2052_tender.json image:zhaobiao1_bg	map001#-50#32#-174#-180	set:g2052_tender.json image:g2052_icon_prop_chenhao#set:g2052_tender.json image:g2052_icon_prop_shuming			
85	zhaobiao_202	g2052.gui.tendering.block_name_202	1001	100113			0#0#0	0#0#0	-0.3#3.5#13.8	0#180#0	30	0#3#12.5	0#0#0				g2052.gui.tendering.block_title_202	38ffa4	-22#0#0	0#90#0	30	0#40#-16#0#40	set:g2052_tender.json image:zhaobiao1_bg	map001#-21.3#32#-174#-180	set:g2052_tender.json image:g2052_icon_prop_chenhao#set:g2052_tender.json image:g2052_icon_prop_shuming			
86	zhaobiao_203	g2052.gui.tendering.block_name_203	1001	100114			0#-2#0	0#0#0	-0.3#3.5#13.8	0#180#0	30	0#3#12.5	0#0#0				g2052.gui.tendering.block_title_203	38ffa4	-22#0#0	0#90#0	30	0#40#-16#0#40	set:g2052_tender.json image:zhaobiao2_bg	map001#8#32#-174#-180	set:g2052_tender.json image:g2052_icon_prop_chenhao#set:g2052_tender.json image:g2052_icon_prop_shuming			
87	zhaobiao_204	g2052.gui.tendering.block_name_204	1001	100115			0#-2#0	0#0#0	-0.3#3.5#13.8	0#180#0	30	0#3#12.5	0#0#0				g2052.gui.tendering.block_title_204	38ffa4	-22#0#0	0#90#0	30	0#40#-16#0#40	set:g2052_tender.json image:zhaobiao2_bg	map001#37.4#32#-174#-180	set:g2052_tender.json image:g2052_icon_prop_chenhao#set:g2052_tender.json image:g2052_icon_prop_shuming			
88	zhaobiao_205	g2052.gui.tendering.block_name_205	1001	100116			0#0#0	0#0#0	-0.3#3.5#22.3	0#180#0	30	0#3#21	0#0#0			11016	g2052.gui.tendering.block_title_205	38ffa4	-22#0#0	0#90#0	30	0#48#-25#0#55	set:g2052_tender.json image:zhaobiao3_bg	map001#17.8#32#-208#180	set:g2052_tender.json image:g2052_icon_prop_chenhao#set:g2052_tender.json image:g2052_icon_prop_shuming#set:g2052_suit_icon.json image:g2052_clothing_suits_14			
89	zhaobiao_206	g2052.gui.tendering.block_name_206	1001	100117			0#-2#0	0#180#0	-0.3#3.5#22.3	0#180#0	30	0#3#21	0#0#0			11016	g2052.gui.tendering.block_title_206	38ffa4	-22#0#0	0#90#0	30	0#46#-23#0#55	set:g2052_tender.json image:zhaobiao4_bg	map001#-40.7#32#-208#180	set:g2052_tender.json image:g2052_icon_prop_chenhao#set:g2052_tender.json image:g2052_icon_prop_shuming#set:g2052_suit_icon.json image:g2052_clothing_suits_14			
90	zhaobiao_201	g2052.gui.tendering.block_name_201	1003	100312			0#-0.3#0	0#0#0	-0.3#3.5#13.8	0#180#0	30	0#3#12.5	0#0#0				g2052.gui.tendering.block_title_201	38ffa4	-22#0#0	0#90#0	30	0#40#-16#0#40	set:g2052_tender.json image:zhaobiao1_bg	map001#-50#32#-174#-180	set:g2052_tender.json image:g2052_icon_prop_chenhao#set:g2052_tender.json image:g2052_icon_prop_shuming			
91	zhaobiao_202	g2052.gui.tendering.block_name_202	1003	100313			0#0#0	0#0#0	-0.3#3.5#13.8	0#180#0	30	0#3#12.5	0#0#0				g2052.gui.tendering.block_title_202	38ffa4	-22#0#0	0#90#0	30	0#40#-16#0#40	set:g2052_tender.json image:zhaobiao1_bg	map001#-21.3#32#-174#-180	set:g2052_tender.json image:g2052_icon_prop_chenhao#set:g2052_tender.json image:g2052_icon_prop_shuming			
92	zhaobiao_203	g2052.gui.tendering.block_name_203	1003	100314			0#-2#0	0#0#0	-0.3#3.5#13.8	0#180#0	30	0#3#12.5	0#0#0				g2052.gui.tendering.block_title_203	38ffa4	-22#0#0	0#90#0	30	0#40#-16#0#40	set:g2052_tender.json image:zhaobiao2_bg	map001#8#32#-174#-180	set:g2052_tender.json image:g2052_icon_prop_chenhao#set:g2052_tender.json image:g2052_icon_prop_shuming			
93	zhaobiao_204	g2052.gui.tendering.block_name_204	1003	100315			0#-2#0	0#0#0	-0.3#3.5#13.8	0#180#0	30	0#3#12.5	0#0#0				g2052.gui.tendering.block_title_204	38ffa4	-22#0#0	0#90#0	30	0#40#-16#0#40	set:g2052_tender.json image:zhaobiao2_bg	map001#37.4#32#-174#-180	set:g2052_tender.json image:g2052_icon_prop_chenhao#set:g2052_tender.json image:g2052_icon_prop_shuming			
94	zhaobiao_205	g2052.gui.tendering.block_name_205	1003	100316			0#0#0	0#0#0	-0.3#3.5#22.3	0#180#0	30	0#3#21	0#0#0			11016	g2052.gui.tendering.block_title_205	38ffa4	-22#0#0	0#90#0	30	0#48#-25#0#55	set:g2052_tender.json image:zhaobiao3_bg	map001#17.8#32#-208#180	set:g2052_tender.json image:g2052_icon_prop_chenhao#set:g2052_tender.json image:g2052_icon_prop_shuming#set:g2052_suit_icon.json image:g2052_clothing_suits_14			
95	zhaobiao_206	g2052.gui.tendering.block_name_206	1003	100317			0#-2#0	0#0#0	-0.3#3.5#22.3	0#180#0	30	0#3#21	0#0#0			11016	g2052.gui.tendering.block_title_206	38ffa4	-22#0#0	0#90#0	30	0#46#-23#0#55	set:g2052_tender.json image:zhaobiao4_bg	map001#-40.7#32#-208#180	set:g2052_tender.json image:g2052_icon_prop_chenhao#set:g2052_tender.json image:g2052_icon_prop_shuming#set:g2052_suit_icon.json image:g2052_clothing_suits_14			
96	zhaobiao_201	g2052.gui.tendering.block_name_201	1004	100412			0#-0.3#0	0#0#0	-0.3#3.5#13.8	0#180#0	30	0#3#12.5	0#0#0				g2052.gui.tendering.block_title_201	38ffa4	-22#0#0	0#90#0	30	0#40#-16#0#40	set:g2052_tender.json image:zhaobiao1_bg	map001#-50#32#-174#-180	set:g2052_tender.json image:g2052_icon_prop_chenhao#set:g2052_tender.json image:g2052_icon_prop_shuming			
97	zhaobiao_202	g2052.gui.tendering.block_name_202	1004	100413			0#0#0	0#0#0	-0.3#3.5#13.8	0#180#0	30	0#3#12.5	0#0#0				g2052.gui.tendering.block_title_202	38ffa4	-22#0#0	0#90#0	30	0#40#-16#0#40	set:g2052_tender.json image:zhaobiao1_bg	map001#-21.3#32#-174#-180	set:g2052_tender.json image:g2052_icon_prop_chenhao#set:g2052_tender.json image:g2052_icon_prop_shuming			
98	zhaobiao_203	g2052.gui.tendering.block_name_203	1004	100414			0#-2#0	0#0#0	-0.3#3.5#13.8	0#180#0	30	0#3#12.5	0#0#0				g2052.gui.tendering.block_title_203	38ffa4	-22#0#0	0#90#0	30	0#40#-16#0#40	set:g2052_tender.json image:zhaobiao2_bg	map001#8#32#-174#-180	set:g2052_tender.json image:g2052_icon_prop_chenhao#set:g2052_tender.json image:g2052_icon_prop_shuming			
99	zhaobiao_204	g2052.gui.tendering.block_name_204	1004	100415			0#-2#0	0#0#0	-0.3#3.5#13.8	0#180#0	30	0#3#12.5	0#0#0				g2052.gui.tendering.block_title_204	38ffa4	-22#0#0	0#90#0	30	0#40#-16#0#40	set:g2052_tender.json image:zhaobiao2_bg	map001#37.4#32#-174#-180	set:g2052_tender.json image:g2052_icon_prop_chenhao#set:g2052_tender.json image:g2052_icon_prop_shuming			
100	zhaobiao_205	g2052.gui.tendering.block_name_205	1004	100416			0#0#0	0#0#0	-0.3#3.5#22.3	0#180#0	30	0#3#21	0#0#0			11016	g2052.gui.tendering.block_title_205	38ffa4	-22#0#0	0#90#0	30	0#48#-25#0#55	set:g2052_tender.json image:zhaobiao3_bg	map001#17.8#32#-208#180	set:g2052_tender.json image:g2052_icon_prop_chenhao#set:g2052_tender.json image:g2052_icon_prop_shuming#set:g2052_suit_icon.json image:g2052_clothing_suits_14			
101	zhaobiao_206	g2052.gui.tendering.block_name_206	1004	100417			0#-2#0	0#0#0	-0.3#3.5#22.3	0#180#0	30	0#3#21	0#0#0			11016	g2052.gui.tendering.block_title_206	38ffa4	-22#0#0	0#90#0	30	0#46#-23#0#55	set:g2052_tender.json image:zhaobiao4_bg	map001#-40.7#32#-208#180	set:g2052_tender.json image:g2052_icon_prop_chenhao#set:g2052_tender.json image:g2052_icon_prop_shuming#set:g2052_suit_icon.json image:g2052_clothing_suits_14			
102	zhaobiao_201	g2052.gui.tendering.block_name_201	8002	800212			0#0#0	0#0#0	-0.3#3.5#13.8	0#180#0	30	0#3#12.5	0#0#0				g2052.gui.tendering.block_title_201	38ffa4	-22#0#0	0#90#0	30	0#40#-16#0#40	set:g2052_tender.json image:zhaobiao1_bg	map001#-50#32#-174#-180	set:g2052_tender.json image:g2052_icon_prop_chenhao#set:g2052_tender.json image:g2052_icon_prop_shuming			
103	zhaobiao_202	g2052.gui.tendering.block_name_202	8002	800213			0#-2#0	0#0#0	-0.3#3.5#13.8	0#180#0	30	0#3#12.5	0#0#0				g2052.gui.tendering.block_title_202	38ffa4	-22#0#0	0#90#0	30	0#40#-16#0#40	set:g2052_tender.json image:zhaobiao1_bg	map001#-21.3#32#-174#-180	set:g2052_tender.json image:g2052_icon_prop_chenhao#set:g2052_tender.json image:g2052_icon_prop_shuming			
104	zhaobiao_203	g2052.gui.tendering.block_name_203	8002	800214			0#-2#0	0#0#0	-0.3#3.5#13.8	0#180#0	30	0#3#12.5	0#0#0				g2052.gui.tendering.block_title_203	38ffa4	-22#0#0	0#90#0	30	0#40#-16#0#40	set:g2052_tender.json image:zhaobiao2_bg	map001#8#32#-174#-180	set:g2052_tender.json image:g2052_icon_prop_chenhao#set:g2052_tender.json image:g2052_icon_prop_shuming			
105	zhaobiao_204	g2052.gui.tendering.block_name_204	8002	800215			0#-2#0	0#0#0	-0.3#3.5#13.8	0#180#0	30	0#3#12.5	0#0#0				g2052.gui.tendering.block_title_204	38ffa4	-22#0#0	0#90#0	30	0#40#-16#0#40	set:g2052_tender.json image:zhaobiao2_bg	map001#37.4#32#-174#-180	set:g2052_tender.json image:g2052_icon_prop_chenhao#set:g2052_tender.json image:g2052_icon_prop_shuming			
106	zhaobiao_205	g2052.gui.tendering.block_name_205	8002	800216			0#0#0	0#0#0	-0.3#3.5#22.3	0#180#0	30	0#3#21	0#0#0			11016	g2052.gui.tendering.block_title_205	38ffa4	-22#0#0	0#90#0	30	0#48#-25#0#55	set:g2052_tender.json image:zhaobiao3_bg	map001#17.8#32#-208#180	set:g2052_tender.json image:g2052_icon_prop_chenhao#set:g2052_tender.json image:g2052_icon_prop_shuming#set:g2052_suit_icon.json image:g2052_clothing_suits_14			
107	zhaobiao_206	g2052.gui.tendering.block_name_206	8002	800217			0#-2#0	0#0#0	-0.3#3.5#22.3	0#180#0	30	0#3#21	0#0#0			11016	g2052.gui.tendering.block_title_206	38ffa4	-22#0#0	0#90#0	30	0#46#-23#0#55	set:g2052_tender.json image:zhaobiao4_bg	map001#-40.7#32#-208#180	set:g2052_tender.json image:g2052_icon_prop_chenhao#set:g2052_tender.json image:g2052_icon_prop_shuming#set:g2052_suit_icon.json image:g2052_clothing_suits_14			
108	zhaobiao_201	g2052.gui.tendering.block_name_201	8005	800512			0#-2#0	0#0#0	-0.3#3.5#13.8	0#180#0	30	0#3#12.5	0#0#0				g2052.gui.tendering.block_title_201	38ffa4	-22#0#0	0#90#0	30	0#40#-16#0#40	set:g2052_tender.json image:zhaobiao1_bg	map001#-50#32#-174#-180	set:g2052_tender.json image:g2052_icon_prop_chenhao#set:g2052_tender.json image:g2052_icon_prop_shuming			
109	zhaobiao_202	g2052.gui.tendering.block_name_202	8005	800513			0#-2#0	0#0#0	-0.3#3.5#13.8	0#180#0	30	0#3#12.5	0#0#0				g2052.gui.tendering.block_title_202	38ffa4	-22#0#0	0#90#0	30	0#40#-16#0#40	set:g2052_tender.json image:zhaobiao1_bg	map001#-21.3#32#-174#-180	set:g2052_tender.json image:g2052_icon_prop_chenhao#set:g2052_tender.json image:g2052_icon_prop_shuming			
110	zhaobiao_203	g2052.gui.tendering.block_name_203	8005	800514			0#-2#0	0#0#0	-0.3#3.5#13.8	0#180#0	30	0#3#12.5	0#0#0				g2052.gui.tendering.block_title_203	38ffa4	-22#0#0	0#90#0	30	0#40#-16#0#40	set:g2052_tender.json image:zhaobiao2_bg	map001#8#32#-174#-180	set:g2052_tender.json image:g2052_icon_prop_chenhao#set:g2052_tender.json image:g2052_icon_prop_shuming			
111	zhaobiao_204	g2052.gui.tendering.block_name_204	8005	800515			0#-2#0	0#0#0	-0.3#3.5#13.8	0#180#0	30	0#3#12.5	0#0#0				g2052.gui.tendering.block_title_204	38ffa4	-22#0#0	0#90#0	30	0#40#-16#0#40	set:g2052_tender.json image:zhaobiao2_bg	map001#37.4#32#-174#-180	set:g2052_tender.json image:g2052_icon_prop_chenhao#set:g2052_tender.json image:g2052_icon_prop_shuming			
112	zhaobiao_205	g2052.gui.tendering.block_name_205	8005	800516			0#-2#0	0#0#0	-0.3#3.5#22.3	0#180#0	30	0#3#21	0#0#0			11016	g2052.gui.tendering.block_title_205	38ffa4	-22#0#0	0#90#0	30	0#48#-25#0#55	set:g2052_tender.json image:zhaobiao3_bg	map001#17.8#32#-208#180	set:g2052_tender.json image:g2052_icon_prop_chenhao#set:g2052_tender.json image:g2052_icon_prop_shuming#set:g2052_suit_icon.json image:g2052_clothing_suits_14			
113	zhaobiao_206	g2052.gui.tendering.block_name_206	8005	800517			0#-2#0	0#0#0	-0.3#3.5#22.3	0#180#0	30	0#3#21	0#0#0			11016	g2052.gui.tendering.block_title_206	38ffa4	-22#0#0	0#90#0	30	0#46#-23#0#55	set:g2052_tender.json image:zhaobiao4_bg	map001#-40.7#32#-208#180	set:g2052_tender.json image:g2052_icon_prop_chenhao#set:g2052_tender.json image:g2052_icon_prop_shuming#set:g2052_suit_icon.json image:g2052_clothing_suits_14			
114	zhaobiao_201	g2052.gui.tendering.block_name_201	8009	800512			0#-2#0	0#0#0	-0.3#3.5#13.8	0#180#0	30	0#3#12.5	0#0#0				g2052.gui.tendering.block_title_201	38ffa4	-22#0#0	0#90#0	30	0#40#-16#0#40	set:g2052_tender.json image:zhaobiao1_bg	map001#-50#32#-174#-180	set:g2052_tender.json image:g2052_icon_prop_chenhao#set:g2052_tender.json image:g2052_icon_prop_shuming			
115	zhaobiao_202	g2052.gui.tendering.block_name_202	8009	800513			0#-2#0	0#0#0	-0.3#3.5#13.8	0#180#0	30	0#3#12.5	0#0#0				g2052.gui.tendering.block_title_202	38ffa4	-22#0#0	0#90#0	30	0#40#-16#0#40	set:g2052_tender.json image:zhaobiao1_bg	map001#-21.3#32#-174#-180	set:g2052_tender.json image:g2052_icon_prop_chenhao#set:g2052_tender.json image:g2052_icon_prop_shuming			
116	zhaobiao_203	g2052.gui.tendering.block_name_203	8009	800514			0#-2#0	0#0#0	-0.3#3.5#13.8	0#180#0	30	0#3#12.5	0#0#0				g2052.gui.tendering.block_title_203	38ffa4	-22#0#0	0#90#0	30	0#40#-16#0#40	set:g2052_tender.json image:zhaobiao2_bg	map001#8#32#-174#-180	set:g2052_tender.json image:g2052_icon_prop_chenhao#set:g2052_tender.json image:g2052_icon_prop_shuming			
117	zhaobiao_204	g2052.gui.tendering.block_name_204	8009	800515			0#-2#0	0#0#0	-0.3#3.5#13.8	0#180#0	30	0#3#12.5	0#0#0				g2052.gui.tendering.block_title_204	38ffa4	-22#0#0	0#90#0	30	0#40#-16#0#40	set:g2052_tender.json image:zhaobiao2_bg	map001#37.4#32#-174#-180	set:g2052_tender.json image:g2052_icon_prop_chenhao#set:g2052_tender.json image:g2052_icon_prop_shuming			
118	zhaobiao_205	g2052.gui.tendering.block_name_205	8009	800516			0#0#0	0#0#0	-0.3#3.5#22.3	0#180#0	30	0#3#21	0#0#0			11016	g2052.gui.tendering.block_title_205	38ffa4	-22#0#0	0#90#0	30	0#48#-25#0#55	set:g2052_tender.json image:zhaobiao3_bg	map001#17.8#32#-208#180	set:g2052_tender.json image:g2052_icon_prop_chenhao#set:g2052_tender.json image:g2052_icon_prop_shuming#set:g2052_suit_icon.json image:g2052_clothing_suits_14			
119	zhaobiao_206	g2052.gui.tendering.block_name_206	8009	800517			0#-2#0	0#0#0	-0.3#3.5#22.3	0#180#0	30	0#3#21	0#0#0			11016	g2052.gui.tendering.block_title_206	38ffa4	-22#0#0	0#90#0	30	0#46#-23#0#55	set:g2052_tender.json image:zhaobiao4_bg	map001#-40.7#32#-208#180	set:g2052_tender.json image:g2052_icon_prop_chenhao#set:g2052_tender.json image:g2052_icon_prop_shuming#set:g2052_suit_icon.json image:g2052_clothing_suits_14			
9999	xuweiceshi	g2052.gui.tendering.block_name_201	2001	999999			0#-0.3#0	0#0#0	-0.3#3.5#13.8	0#180#0	30	0#3#12.5	0#0#0				g2052.gui.tendering.block_title_201	38ffa4	-22#0#0	0#90#0	30	0#40#-16#0#40	set:g2052_tender.json image:zhaobiao1_bg	map001#-50#32#-174#-180	set:g2052_tender.json image:g2052_icon_prop_chenhao#set:g2052_tender.json image:g2052_icon_prop_shuming			
